<?xml version="1.0" encoding="utf-8" standalone="no"?>
<application xmlns="http://ns.adobe.com/air/application/29.0">
	<id>com.sulinhuang.OrioleMusicPlayerUltimate</id>
	<filename>OrioleMusicPlayerUltimate</filename>
	<name>Oriole Music Player Ultimate</name>
	<versionNumber>6.0.29</versionNumber>
		         
	<!-- Settings for the application's initial window. Required. -->
	<initialWindow>
		<!-- The main SWF or HTML file of the application. Required. -->
		<!-- Note: In Flash Builder, the SWF reference is set automatically. -->
		<content>ui.asset</content>
		
		<!-- The title of the main window. Optional. -->
		<!-- <title></title> -->

		<!-- The type of system chrome to use (either "standard" or "none"). Optional. Default standard. -->
		<!-- <systemChrome></systemChrome> -->

		<!-- Whether the window is transparent. Only applicable when systemChrome is none. Optional. Default false. -->
		<!-- <transparent></transparent> -->

		<!-- Whether the window is initially visible. Optional. Default false. -->
		<!-- <visible></visible> -->

		<!-- Whether the user can minimize the window. Optional. Default true. -->
		<!-- <minimizable></minimizable> -->

		<!-- Whether the user can maximize the window. Optional. Default true. -->
		<!-- <maximizable></maximizable> -->

		<!-- Whether the user can resize the window. Optional. Default true. -->
		<!-- <resizable></resizable> -->

        <!-- The UI render mode auto, cpu, gpu, or direct -->

         <renderMode>gpu</renderMode> 

		<!-- The window's initial width in pixels. Optional. -->
		<width>575</width> 

		<!-- The window's initial height in pixels. Optional. -->
		 <height>755</height> 

		<!-- The window's initial x position. Optional. -->
		 <x>60</x> 

		<!-- The window's initial y position. Optional. -->
		<y>60</y>

		<!-- The window's minimum size, specified as a width/height pair in pixels, such as "400 200". Optional. -->
		<!-- <minSize></minSize> -->

		<!-- The window's initial maximum size, specified as a width/height pair in pixels, such as "1600 1200". Optional. -->
		<!-- <maxSize></maxSize> -->

        <!-- The aspect ratio of the app ("portrait" or "landscape" or "any"). Optional. Mobile only. Default is the natural orientation of the device -->

        <!-- <aspectRatio></aspectRatio> -->

        <!-- Whether the app will begin auto-orienting on launch. Optional. Mobile only. Default false -->

        <!-- <autoOrients></autoOrients> -->

        <!-- Whether the app launches in full screen. Optional. Mobile only. Default false -->

        <!-- <fullScreen></fullScreen> -->

        <!-- Whether the default direct mode rendering context allocates storage for depth and stencil buffers.  Optional.  Default false. -->
        <!-- <depthAndStencil></depthAndStencil> -->

		<!-- Whether or not to pan when a soft keyboard is raised or lowered (either "pan" or "none").  Optional.  Defaults "pan." -->
		<!-- <softKeyboardBehavior></softKeyboardBehavior> -->

		<!-- Display Resolution for the app (either "standard" or "high"). Optional, OSX-only. Default "standard" -->
		<requestedDisplayResolution>high</requestedDisplayResolution>
		<autoOrients>false</autoOrients>
        <fullScreen>false</fullScreen>
        <visible>true</visible>
    </initialWindow>

	
	
	<icon>
		<image32x32>icons/icon32.png</image32x32>
		<image48x48>icons/icon48.png</image48x48>
		<image57x57>icons/icon57.png</image57x57>
		<image72x72>icons/icon72.png</image72x72>
		<image76x76>icons/icon76.png</image76x76>
		<image114x114>icons/icon114.png</image114x114>
		<image120x120>icons/icon120.png</image120x120>
		<image152x152>icons/icon152.png</image152x152>
		<image512x512>icons/icon512.png</image512x512>
	</icon>

</application>
